{"assets/images/.DS_Store":["assets/images/.DS_Store"],"assets/images/characters/spritesheet_characters.png":["assets/images/characters/spritesheet_characters.png"],"assets/images/effects/spritesheet_effects.png":["assets/images/effects/spritesheet_effects.png"],"assets/images/map/m1.tmj":["assets/images/map/m1.tmj"],"assets/images/map/spritesheet_map.png":["assets/images/map/spritesheet_map.png"],"assets/images/objects/bow.png":["assets/images/objects/bow.png"],"assets/images/objects/spritesheet_objects.png":["assets/images/objects/spritesheet_objects.png"],"fonts/Minecraft.ttf":["fonts/Minecraft.ttf"],"packages/cupertino_icons/assets/CupertinoIcons.ttf":["packages/cupertino_icons/assets/CupertinoIcons.ttf"]}